comment,link
"Ο ""Έκπτωτος Άγγελος"" μόλις κυκλοφόρησε και είμαι σίγουρος ότι θα το αγαπήσετε όσο εγώ! ",https://www.youtube.com/watch?v=b0z_dp5-luQ
Τι τραγουδάρα είναι αυτή!!! Επιτέλους κι ενα λαϊκό τραγούδι μέσα στην αηδία της τραπ που μας εχει κατακλύσει. Νομίζω μόνο ο Οικονομόπουλος θα μπορούσε να το ερμηνεύσει αυτό!,https://www.youtube.com/watch?v=b0z_dp5-luQ
"Το λατρεψα!!! Εισαι ενας κ μοναδικος!! Υπεροχη ερμηνεία, δεν θελεις να τελειωσει το τραγουδι",https://www.youtube.com/watch?v=b0z_dp5-luQ
Φοβερη μουσικη δημιουργία για ακόμη μια φορα απο τον Γιωργαρο Σαμπάνη!!,https://www.youtube.com/watch?v=b0z_dp5-luQ
Οικονομόπουλος!!!! Μόνο!!Τους έχει επισκιάσει όλους της γενιάς του..Ποιος να συγκριθεί μαζί σου μάγκα μου;;;,https://www.youtube.com/watch?v=b0z_dp5-luQ
Όλοι μας χρειαζόμασταν ένα βαρύ λαϊκό τραγούδι πριν το τέλος τους 2023!,https://www.youtube.com/watch?v=b0z_dp5-luQ
"Το Άκουσα το πρωί το τραγούδι 
Και αντί για γάλα στη βρώμη έβαλα ουίσκι.
Κόψε μας τα μεροκάματα Νικόλα...
Καλοτάξιδο",https://www.youtube.com/watch?v=b0z_dp5-luQ
"Σαν ΕΚΠΤΩΤΟΣ ΑΓΓΕΛΟΣ ήρθες στις ζωές μας, αλλά Ο ΧΑΡΑΚΤΗΡΑΣ ΣΟΥ μας έκανε ΓΙΑ ΚΑΠΟΙΟ ΛΟΓΟ ΚΑΘΗΜΕΡΙΝΑ ΚΑΝΟΥΜΕ ΑΥΤΟ ΠΟΥ ΞΕΡΟΥΜΕ, δηλαδή να ΒΑΖΟΥΜΕ ΤΕΡΜΑ τα τραγούδια σου. ΓΙΑ ΧΙΛΙΟΥΣ ΛΟΓΟΥΣ βρίσκεσαι στην ΠΡΩΤΗ ΘΕΣΗ και εμείς ΟΣΟ ΤΙΠΟΤΑ ΣΕ ΘΕΛΟΥΜΕ. ΓΙΑ ΠΑΡΑΔΕΙΓΜΑ, στην ΟΔΟ ΜΟΝΑΞΙΑΣ ΕΙΝΑΙ ΚΑΤΙ ΛΑΪΚΆ με τα οποία είμαστε ΕΞΑΡΤΗΜΕΝΟΙ. ΕΝΝΟΕΙΤΑΙ πως ΕΞΑΙΤΙΑΣ ΣΟΥ δεν είναι ποτέ ΩΡΑ ΝΑ ΠΗΓΑΙΝΟΥΜΕ και ΔΕΝ ΦΕΥΓΟΥΜΕ ΤΩΡΑ. Και εάν όμως χρειαστεί, ΠΑΛΙ θα ΓΥΡΙΣΟΥΜΕ γιατί ΘΑ ΕΡΧΟΝΤΑΙ ΣΤΙΓΜΕΣ όπου η ΜΕΛΑΓΧΟΛΙΑ ΜΑΣ θα είναι τόσο μεγάλη από το ΕΓΚΛΗΜΑ ΚΑΡΔΙΑΣ σου. ΕΣΕΝΑ ΝΑ ΑΚΟΥΜΕ μόνο, γιατί ΟΛΑ ΓΙΑ ΣΕΝΑ προέρχονται ΑΠΟ ΕΡΩΤΑ. ΠΡΕΠΕΙ ΔΕΝ ΠΡΕΠΕΙ,ΠΟΙΟΝ ΚΟΡΟΪΔΕΎΟΥΜΕ ; ΤΩΡΑ ΤΙ ΝΑ ΤΟ ΚΑΝΟΥΜΕ που ευχόμαστε να είχαμε ΔΥΟ ΖΩΕΣ για να σε ακούμε αφού έχεις κάνει ένα ΔΩΡΟ ΓΙΑ ΕΜΑΣ!!
Διαβάστε περισσότερα",https://www.youtube.com/watch?v=b0z_dp5-luQ
Τραγουδαρα το λατρέψαμε Καλοτάξιδο με επιτυχίες πάντα.Ν.Οικονομοπουλος τέλειος σε κάθε νέα του κυκλοφορία.,https://www.youtube.com/watch?v=b0z_dp5-luQ
Η ζωή μου ολη!!!!!το υπέροχο είναι λίγο για να περιγράψω πόσο σ αγγίζει αυτό το τραγούδι....,https://www.youtube.com/watch?v=b0z_dp5-luQ
This guy never disappoints you. Well done. 🇷🇸🇬🇷,https://www.youtube.com/watch?v=b0z_dp5-luQ
"Το καλυτερο δωρο του Νοεμβρη!
Το τραγούδι της χρονιάς!
Το τραγουδι της ζωης του!
Το τραγουδι ολων εμας που μας εκφραζει! 
Διαβάστε περισσότερα",https://www.youtube.com/watch?v=b0z_dp5-luQ
"Τέτοια τραγούδια θέλουμε να εξαφανιστεί η χειρότερη μόδα όλων των εποχών η τραπ! Πάμε δυνατά πάμε Ελληνικά! Αλλάζουμε την μόδα με ομορφιά, καψούρα, έρωτα!",https://www.youtube.com/watch?v=b0z_dp5-luQ
"Πραγματικά το τραγούδι είναι υπέροχο!θα κάνει τεράστια επιτυχία!
Επανήλθε ο παλιός καλός οικονομοπουλος",https://www.youtube.com/watch?v=b0z_dp5-luQ
ΟΙ ΣΥΝΕΔΡΙΕΣ ΔΕΝ ΘΑ ΣΤΑΜΑΤΗΣΟΥΝ ΠΟΤΕ!!!!!,https://www.youtube.com/watch?v=b0z_dp5-luQ
"Καλοτάξιδο ρε αλάνι μας, μας έφτιαξες παλι μεσημεριάτικα. Πάντα επιτυχίες Νικολαρα  μου,αστέρι μου. Φωνάρα όχι μαλακιες . Πάντα τέτοια. Να μας κάνεις πάντα κομμάτια.",https://www.youtube.com/watch?v=b0z_dp5-luQ
Σ έναν κόσμο γεμάτο δήθεν καλλιτέχνες και τράπερς προσπάθησε να είσαι ο Οικονομόπουλος ,https://www.youtube.com/watch?v=b0z_dp5-luQ
"Για άλλη μια φορά ένα υπέροχο τραγούδι απο τον Νίκο! ""Έκπτωτος Άγγελος""  ",https://www.youtube.com/watch?v=b0z_dp5-luQ
Ανηψιέ πολυαγαπημένε Νικόλα να έχεις υγεία κατ' αρχάς. Καί μην ανησυχείς. Ή νέα σου επιτυχία έχει στήλει μηνύματα ανεπανάληπτης αποδοχής από τους θαυμαστές σου. Να ξέρεις ότι καμαρώνω για σένα και σε αγαπώ.  Ό θείος σου ΙΩΆΝΝΗΣ ΣΤΑΥΡΌΠΟΥΛΟΣ.,https://www.youtube.com/watch?v=b0z_dp5-luQ
"Οι στίχοι του Γρίτση απίθανοι όπως πάντα, μουσικάρα από Σαμπάνη και ερμηνεία σαν λεπίδα. Κομματάρα",https://www.youtube.com/watch?v=b0z_dp5-luQ
Λατρεμενο κομμάτι μπραβο σου αγόρι μου είσαι υπέροχος Νίκο,https://www.youtube.com/watch?v=glz6NZg-ETE
Άλλο ένα υπέροχο τραγούδι του Νίκου μας!!!!,https://www.youtube.com/watch?v=glz6NZg-ETE
Φοβερο τραγουδι οσοι ανθρωποι φευγουν απο την ζωη μας γινεται γιατι θελουν να φυγουν οι ιδιοι απο μονοι τους η οι συνθηκες τους αναγκαζουν οποτε το χρονο σου εχασες οσο καιρο ησουν μαζι τους...φοβερο τραγούδι παντως..,https://www.youtube.com/watch?v=glz6NZg-ETE
"Αγαπημένο κομμάτι!! Η φωνάρα σου Νικόλα, το απογειώνει!!!",https://www.youtube.com/watch?v=glz6NZg-ETE
Ερωτευμένη με την φωνή σου με σένα και το ταλέντο σου ️️️️️️Νικολάρα σαγαπω,https://www.youtube.com/watch?v=glz6NZg-ETE
"Θα με ψάχνεις τις νύχτες 
Θα ζητάς μια τυχαία συνάντηση 
Θα ξεχνάς όσα είπες 
Μα εκεί βρες την μόνη απάντηση 
Διαβάστε περισσότερα",https://www.youtube.com/watch?v=glz6NZg-ETE
Νικόλα είσαι κορυφή μιλάς στις καρδιές μας! ,https://www.youtube.com/watch?v=glz6NZg-ETE
Πες τα ψυχολόγε! Το αγαπημένο μου κομμάτι! ,https://www.youtube.com/watch?v=glz6NZg-ETE
"For 14 years, I have loved you. I got to know your songs and I loved Greece",https://www.youtube.com/watch?v=glz6NZg-ETE
Θα ζητάς την ζωή μας πίσω μα δεν θα έχω για εσένα σταγόνα ζωή θα ζητάς να σε ξανά αγαπήσω μα όση αγάπη σου είχα την πήρες μαζί !! Αχ Νικόλα!! ΚΟΜΜΑΤΆΡΑ ️️️️️️,https://www.youtube.com/watch?v=glz6NZg-ETE
Θα μετράς το απόλυτο τίποτα!!! Θα ζητας την ζωη μας πίσω!!!!! Μα δν θα χω για σενα σταγόνα ζωή.... Ύμνος το κομμάτι!!!!,https://www.youtube.com/watch?v=glz6NZg-ETE
αποψε  η μεγαλη πεμιερα  του νικου...θα ακουστουν μεγαλες επιτυχιες..καλη επιτυχια  παιδια..,https://www.youtube.com/watch?v=glz6NZg-ETE
ΤΕΛΙΟ ΤΡΑΓΟΎΔΙ  ΓΙΑ ΜΙΑ ΑΓΆΠΗ ΠΟΥ ΈΣΒΗΣΕ ΣΕ ΜΙΑ ΝΟΙΧΤΑ,https://www.youtube.com/watch?v=glz6NZg-ETE
שיר אליפות ,https://www.youtube.com/watch?v=glz6NZg-ETE
Iubesc vocea si muzica ta!,https://www.youtube.com/watch?v=glz6NZg-ETE
Έπεσες μέσα όλα Νικόλα!!!! Να σαι καλά!!!!!,https://www.youtube.com/watch?v=glz6NZg-ETE
"Πονεσα μια φορα, τοσο πολυ... που δεν ξανα εψαξα τιν Αγαπη  Κι ετσι ζω ηρεμα....",https://www.youtube.com/watch?v=glz6NZg-ETE
"Σε αγάπησα αληθινά και εύχομαι να μην ζητήσεις ποτέ να σε αγαπήσω ξανά, γιατί θα σημαίνει πως δεν βρήκες την ευτυχία εκεί που την έψαξες.",https://www.youtube.com/watch?v=glz6NZg-ETE
I don't understand words but admire your songs...,https://www.youtube.com/watch?v=glz6NZg-ETE
"ΘΑ ΜΕΤΡΑΣ ΤΟ ΑΠΟΛΥΤΟ  Τ Ι Π Ο Τ Α!!!!
ΘΑ ΖΗΤΑΣ ΤΗΝ ΖΩΗ ΜΑΣ ΠΙΣΩ ΟΜΩΣ ΔΕ ΘΑ ΧΩ ΓΙΑ ΣΕΝΑ ΣΤΑΓΟΝΑ ΖΩΗ..
ΘΑ ΖΗΤΑΣ ΝΑ ΣΕ ΞΑΝΑ ΑΓΑΠΗΣΩ ΜΑ ΟΣΗ ΑΓΑΠΗ ΣΟΥ ΕΙΧΑ ΤΗΝ ΠΗΡΕΣ ΜΑΖΙ!!!!!!!! ;) #29",https://www.youtube.com/watch?v=glz6NZg-ETE
Δεν αναζητώ αγάπες εδώ μέσα στο ίντερνετ ζω με την μοναξιά μου και μου αρέσει όπως ζω η ζωή μου είναι έξω από εδώ με τους φίλους μου να μοιράζομαι τα όνειρα μου και τις σκέψη μου,https://www.youtube.com/watch?v=iNZNCZGFCkE
"Никос!Блестящее исполнение!Голос звучит волшебной красотой,затрагивающий чувства нежности и любви,которое нужно прочувствовать!!!!!!",https://www.youtube.com/watch?v=iNZNCZGFCkE
τι τραγούδι? τι φωνή; ένας θεϊκός Χρόνος. Υπέροχη μουσική που αγγίζει βαθιά την ψυχή. Ο Θεός να σας έχει καλά και να ευλογεί την Ελλάδα. Πολλά χαιρετίσματα από τη Γερμανία,https://www.youtube.com/watch?v=iNZNCZGFCkE
Много красива песен за винаги остава в сърцата на хората! ,https://www.youtube.com/watch?v=iNZNCZGFCkE
"NIKO.  The song selection was too good, that matches your personality so well. Keep practicing and keep working hard. The road to success is ahead of you. Great feeling and expertise. You convey emotion well. Feels like you wrapped a storm in melody. Your voice made me feel every single word, I felt numb. This voice surely deserves an award.
Διαβάστε περισσότερα",https://www.youtube.com/watch?v=iNZNCZGFCkE
"Niko.    The song selection was too good, that matches your personality so well. Keep practicing and keep working hard. The road to success is ahead of you. Great feeling and expertise. You convey emotion well. Feels like you wrapped a storm in melody. Your voice made me feel every single word, I felt numb. This voice surely deserves an award.
Διαβάστε περισσότερα",https://www.youtube.com/watch?v=iNZNCZGFCkE
"O muzica minunată,de suflet bravo celor care au alcatuit acest album si nu in ultimul rând tuturor celor care au lansat aceste minunate melodii.",https://www.youtube.com/watch?v=iNZNCZGFCkE
"Niko. Niko  This voice surely deserves an apology award. Music is blood, and I find it quite inspiring. I have never seen a gifted singer like you   expect and your Fans  want from you, awesome. This performance is one of the best so far.  You have a great passion for music.
Τρίσα
Διαβάστε περισσότερα",https://www.youtube.com/watch?v=iNZNCZGFCkE
Ένα τραγούδι στην κορυφή της αίσθησης και της τρυφερότητας. Ο εραστής σου από τη χώρα του Ιράκ.,https://www.youtube.com/watch?v=iNZNCZGFCkE
"Me encanta su música y me encanta él, es magia absoluta y  siempre voy al traductor, pero no pasa nada...  ES SUBLIME ",https://www.youtube.com/watch?v=iNZNCZGFCkE
Шедевр!!! Даже кто не понимает слов -  музыка и голос всю душу изворачивает....,https://www.youtube.com/watch?v=iNZNCZGFCkE
"Божественная греческая мелодия, нет слов выразить своё восхищение Никосу ты лучший, любим, обожаем, восхищаемся ",https://www.youtube.com/watch?v=iNZNCZGFCkE
"I wish I knew Greek,so I would understand what this gorgeous man is saying (singing)other than that beautiful music ",https://www.youtube.com/watch?v=iNZNCZGFCkE
Спасибо огромное тому кто выложил такой прекрасный набор его песни от сердца ,https://www.youtube.com/watch?v=iNZNCZGFCkE
Ωραία τραγούδια. Ωραία φωνή. Ευχαριστώ για το ανέβασμα. Να μας ζήσει πάντα η ελληνική μουσική.,https://www.youtube.com/watch?v=iNZNCZGFCkE
My emotions are running high when I listen to a great song,https://www.youtube.com/watch?v=iNZNCZGFCkE
Никос својим гласом и интерпретацијама лечи ожиљке ...уживам сваки пут када слушам. Хвала,https://www.youtube.com/watch?v=iNZNCZGFCkE
Salut Nikos ! Ești cel mai bun! Așteptăm concertul in Romania  foarte curind!!,https://www.youtube.com/watch?v=iNZNCZGFCkE
"Divine voice , divine song from excellent singer Nikos Vertis !",https://www.youtube.com/watch?v=iNZNCZGFCkE
"Minunat bărbat cu o voce de aur, te adoooor!",https://www.youtube.com/watch?v=iNZNCZGFCkE
"Τα πιο όμορφα Ελληνικά νησιά και μέρη σε εντυπωσιακά ποιοτικά βίντεο:
Σίφνος: https://youtu.be/F6J9Nbu-1l8
Ηράκλειο Κρήτης: https://youtu.be/JvXwYpUGcbY
Ύδρα: https://youtu.be/Rr7ejky1qH4
Διαβάστε περισσότερα",https://www.youtube.com/watch?v=2gl83v2uawY
"Greece, beautiful both in summer and winter 🇬🇷🇬🇷🇬🇷",https://www.youtube.com/watch?v=2gl83v2uawY
Καλά Χριστούγεννα σε όλο τον ελληνικό λαό εύχομαι με την αλλαγή της χρονιάς να μας πάνε όλα καλά.... Χωρίς περιορισμούς και μάσκες με υγεία και ευτυχία αγάπη και χαρά σε όλες τις οικογένειες μας.....2022-2023<--- next year,https://www.youtube.com/watch?v=2gl83v2uawY
"Ήρθα εδώ γιατί στολίζουμε το δέντρο και θέλαμε την κατάλληλη μουσική!!!!
Χρόνια μας πολλά!",https://www.youtube.com/watch?v=2gl83v2uawY
Χρόνια πολλά όμορφες γιορτές σε όλους εύχομαι! Υγεία αγάπη και πολλές χαρές!,https://www.youtube.com/watch?v=2gl83v2uawY
τα πιο όμορφα χριστούγεννα είναι αυτά που έρχονται!,https://www.youtube.com/watch?v=2gl83v2uawY
"Καλά Χριστούγεννα! Καλές γιορτές σε όλους! Με υγεία, αγάπη και χαρά!",https://www.youtube.com/watch?v=2gl83v2uawY
Υγεία και χαρά σε όλους μας και σε όλο τον κόσμο  ας ευχηθούμε να είναι ο Χριστός καλα,https://www.youtube.com/watch?v=2gl83v2uawY
Σήμερα στολίσαμε το δέντρο. Καλές Γιορτές. Καλά Χριστούγεννα με πρώτο αγαθό την Υγεία σε όλους μας.,https://www.youtube.com/watch?v=2gl83v2uawY
Πολυ καλη playlist για Χριστουγεννα την χρησιμοποιησα για να στολισουμε το δεντρο . Καλα Χριστουγεννα σε ολους  ,https://www.youtube.com/watch?v=2gl83v2uawY
Χρόνια πολλά να εχει όλοι Ελλάδα να έχουμε  καλές γιορτές!!!!!!!!!!!!!!,https://www.youtube.com/watch?v=2gl83v2uawY
"Ότι καλύτερο για τα Χριστούγεννα,  χρόνια πολλά ",https://www.youtube.com/watch?v=2gl83v2uawY
It's the Most Wonderful Time of the Year ,https://www.youtube.com/watch?v=2gl83v2uawY
Καλές γιορτές σε όλους γύρω του κόσμου!!  ️,https://www.youtube.com/watch?v=2gl83v2uawY
Χρόνια πολλά και καλά Χριστούγεννα σε όλους με υγεία και ευτυχία.,https://www.youtube.com/watch?v=2gl83v2uawY
Καλές γιορτές σε όλους. Καλά Χριστούγεννα  υγεία αγάπη ευτυχία σε όλους ️️️️️,https://www.youtube.com/watch?v=2gl83v2uawY
"Καλά Χριστούγεννα σε όλους με υγεία, αγάπη, χαρά, και ελπίδα! Μόνο σε ένδεκα μέρες!!! ️",https://www.youtube.com/watch?v=2gl83v2uawY
"Greek songs are so cheerful, they're happy.",https://www.youtube.com/watch?v=2gl83v2uawY
Φέτος οι Άγιες μέρες των Χριστουγέννων θα είναι διαφορετικές! Ας ευχηθούμε να έχει όλος ο κόσμος υγεία και το κεφάλι ψηλά! Χρόνια πολλά και Καλά Χριστούγεννα σε όλο τον κόσμο!,https://www.youtube.com/watch?v=2gl83v2uawY
Πολύ ωραία τα χριστουγεννιάτικα τραγούδια μπράβο!!,https://www.youtube.com/watch?v=2gl83v2uawY
Όσο εξαιρετική είναι η ερμηνεία του Οικονομόπουλου τόσο εξαιρετική είναι και η δουλειά πίσω από κάθε επιτυχία ενός τραγουδιού.Με Σαμπανη και Γιαννατσουλια ως δημιουργοί και τον Οικονομόπουλο για ερμηνεία αποθεώθηκε!  Πολλά πολλά συγχαρητήρια!!!!,https://www.youtube.com/watch?v=D5AdDydZGLA
"Each of your new songs is a step up! We, your fans, are grateful that every time you give us more and more of yourself. You develop professionally and constantly surprise us with great songs and unique videos. Even in these difficult times, you are the dose of happiness with your music and presence. Well done, Nikos! You are always the best and we love you !",https://www.youtube.com/watch?v=D5AdDydZGLA
Τι κομματαρα είναι αυτή....... Συγχαρητήρια στο Νίκο της καρδιας μας στο Σαμπανη και σε όλους όσους βοήθησαν να βγει αυτή η επιτυχία... Πραγματικα ανατρίχιασα...,https://www.youtube.com/watch?v=D5AdDydZGLA
"Να ξεκολλήσετε και αν αισθάνεστε πράγματα να τα λέτε και να μην κάθεστε μόνοι σας με τα κομμάτια και πίνετε. Ούτε διορθώνετε κατι, ούτε αλλάζει κάτι έτσι, ούτε ξεπερνιούνται οι σχέσεις και μένετε με περισσότερα ψυχολογικά...",https://www.youtube.com/watch?v=D5AdDydZGLA
"Ο,τι καλύτερο έχει πει ο Οικονομόπουλος..από κάθε άποψη στίχοι, μουσική...όλα.. ένα μεγάλο μπράβο στους δημιουργούς!!!!",https://www.youtube.com/watch?v=D5AdDydZGLA
"Nunca tinha escutado uma música romântica nesse idioma, estou apaixonada por essa música 🇧🇷🇬🇷",https://www.youtube.com/watch?v=D5AdDydZGLA
"Thank you! Have no words to describe what your performance make me feel like. You touch my soul so deep - the melody, the voice, the feeling. THANK YOU!",https://www.youtube.com/watch?v=D5AdDydZGLA
Καταπληκτικό τραγούδι.Πραγματικά ξεχωρίζεις στην ελληνική δισκογραφία.Πάντα επιτυχίες.,https://www.youtube.com/watch?v=D5AdDydZGLA
"We are spirit bound to this flesh
We go round one foot nailed down
But bound to reach out and beyond this flesh
Become Pneuma
Διαβάστε περισσότερα",https://www.youtube.com/watch?v=D5AdDydZGLA
Ίσως απο τα πιο ωραία videoclip που έχω δει.Σου δείχνει πως κάποια πράγματα μένουν χαραγμένα για πάντα μέσα μας.Αυτός ο έρημος τόπος ίσως δείχνει το ποσό μόνοι νιώθουμε κάποιες φορές.Ενας χορός συναισθημάτων και σκέψεων και σε τι αντιδράσεις θα μπορούσε να μας φτάσει το μυαλό μας!Συγχαρητήρια στους συντελεστές και του τραγουδιού και του videoclip.,https://www.youtube.com/watch?v=D5AdDydZGLA
Τι μετάγγιση ρε Νικολάκη... Με την μια μεταμόσχευση θέλουμε στο συκώτι με τέτοια κομματαρα!!!! Βρήκαμε τραγούδι να καταστραφουμε χειμωνιάτικα...!!! ️️,https://www.youtube.com/watch?v=D5AdDydZGLA
"I heard this song for the first time while on vacation in Crete and fell in love straight away, just a good thing Shazam exists and I found it quickly. I love Greece🇬🇷  ️  ️  ️ and the people there ... hope to see you soon. Greetings from Germany  ️",https://www.youtube.com/watch?v=D5AdDydZGLA
Τι να πω Οικονομόπουλο και πάλι!!!!!μοναδική ερμηνεία συγχαρητήρια!!!!!,https://www.youtube.com/watch?v=D5AdDydZGLA
"Το ""μια μέρα μια τέταρτη την δική μου την αγάπη στο δικό σου αίμα να μεταγγιζα "" ο πιο συγλονιστικος στίχος ever....",https://www.youtube.com/watch?v=D5AdDydZGLA
My boyfriend is Greek and showed me this amazing artist. Such a beautiful voice and a beautiful language!,https://www.youtube.com/watch?v=D5AdDydZGLA
Congrats to the composers of this masterpiece..hearable from  first  audition.Congrats..,https://www.youtube.com/watch?v=D5AdDydZGLA
Beautiful...and I feel in love with this songfrom Albania with love,https://www.youtube.com/watch?v=D5AdDydZGLA
Как же я обожаю творчество Никоса! И в особенности эту песню! Душа поёт!)))),https://www.youtube.com/watch?v=D5AdDydZGLA
Δωσε Νίκο... συγκλονιστικός... ανατριχιαστικος... υπέροχος... εκπληκτική η ερμηνεία σου...πάντα βάζεις ψυχή...είσαι ψυχαρα.. σαγαπαμε...πολύ...,https://www.youtube.com/watch?v=D5AdDydZGLA
Eu amei essa música ,https://www.youtube.com/watch?v=D5AdDydZGLA
"Αν κάποιος δεν μπορεί να μείνει με τη μοναξιά του,αν δεν αντέχει τον ίδιο του εαυτό ,πώς περιμένει να αντέξει τον ίδιο ένας άλλος άνθρωπος;Εξαιρετικό τραγούδι,συνεχίστε να μας κάνετε παρέα με την υπέροχη μουσική και την ερμηνεία σας!Πάντα επιτυχίες εύχομαι από καρδιάς ️",https://www.youtube.com/watch?v=gIMbVJdPARk
Είσαι έρωτας παλικάρι μου! Να σε έχει ο Θεός καλά που μας προσφέρεις τόσο συναίσθημα σε κάθε σου τραγούδι!,https://www.youtube.com/watch?v=gIMbVJdPARk
"Μελαγχολία μου…αυτό το τραγούδι μου φέρνει πολύ θλίψη…
Σε πολλούς δίνεις τα πάντα κ συνεχίζουν να αγαπάνε τον εαυτό τους …",https://www.youtube.com/watch?v=gIMbVJdPARk
Мой любимый певец! Удачи и божьего благословения! ️🇷🇺,https://www.youtube.com/watch?v=gIMbVJdPARk
Στα δύσκολα μόνο εμένα έχω... δυστυχώς έτσι είναι.. αυτό το τραγούδι αγγίζει την ψυχή μου ️,https://www.youtube.com/watch?v=gIMbVJdPARk
Η φωνή σου και τα λόγια από   τα τραγουδια σου αγγίζουν την ψυχή μου,https://www.youtube.com/watch?v=gIMbVJdPARk
"Α ρε Νικόλα....ο,τι και να τραγουδήσεις, το απογειωνεις!! Μες στην καραντίνα τα τραγούδια σου, βάλσαμο!!",https://www.youtube.com/watch?v=gIMbVJdPARk
"Αγάπη μου,Νικόλα μου!!!!Στα δύσκολα τα τραγούδια σου αγκαλιάζω!!!!!",https://www.youtube.com/watch?v=gIMbVJdPARk
"Τραγούδι που όσες φορές και να το ακούσεις , το νιώθεις 10000%",https://www.youtube.com/watch?v=gIMbVJdPARk
"Εγώ μεγάλωσα σε γειτονιά με τσέρκι
Κι οι θεωρίεσ σου με βρίσκουν μακριά
Επιχειρήματα παράλογα και αστεία
Προσπαθείσ να με τρελάνεισ λογικά
Διαβάστε περισσότερα",https://www.youtube.com/watch?v=gIMbVJdPARk
Πατριώτη !!!!! Φωνάρααααα!!! Σε ακούγαμε στον Πύργο και το νιώθαμε ότι θα φτάσεις ψηλά!!!! Φωνάρα!!!!!!!!!!!!!,https://www.youtube.com/watch?v=gIMbVJdPARk
"Μελαγχολία, η μόνη πραγματική συντροφιά. Πάντα και παντού. Χωρίς να σε κάνει να αναρωτιέσαι για τίποτα. Είναι δική σου. Την αγκαλιάζεις και ξέρεις ότι κι εκείνη θα κάνει το ίδιο. Χωρίς διλήμματα, χωρίς ερωτήσεις, χωρίς πρέπει ή δε πρέπει..",https://www.youtube.com/watch?v=gIMbVJdPARk
ΚΟΜΜΑΤΆΡΑ ΝΙΚΌΛΑ ️️️️️️️Το πιο Αγαπημένο μου από όλα τα τραγούδια σου ️️Ψυχή μου δείξε μου την επανάσταση σου μην συμβιβάζεσαι σε θέματα καρδιάς τι λόγο έχεις να νοικιάζεις την ζωή σου μελαγχολεις και σε αδιέξοδο τραβάς Μελαγχολία μου εσύ κυρία μου σε όλα τα δύσκολα εσένα αγκαλιάζω ️️️️,https://www.youtube.com/watch?v=gIMbVJdPARk
αγαπημένο τραγούδι με νόημα ζωής!!! ️️,https://www.youtube.com/watch?v=gIMbVJdPARk
.. Εσύ γεννηθηκες για ν αγαπάς εσένα  περνάς απέναντι και εξαίρεση καμία.....     Στίχος με νοημα,https://www.youtube.com/watch?v=gIMbVJdPARk
Να σε έχει η Παναγία μας καλά παλικάρι μου ..Να σε σκεπάζει και να σε οδηγεί …!!,https://www.youtube.com/watch?v=gIMbVJdPARk
με  το που το ακουσα μου πηρε την καρδια παμε ρε νικολαρααα,https://www.youtube.com/watch?v=gIMbVJdPARk
ΜΕΛΑΓΧΟΛΙΑ ΜΟΥ ΕΣΥ ΚΥΡΙΑ ΜΟΥ!!!ΥΠΕΡΟΧΟΣ ΝΙΚΟΣ ΟΙΚΟΝΟΜΟΠΟΥΛΟΣ!!!,https://www.youtube.com/watch?v=gIMbVJdPARk
Amooo !!!,https://www.youtube.com/watch?v=gIMbVJdPARk
ΤΗ ΚΟΜΜΑΤΑΡΑ ΑΤΕΛΕΙΩΤΗ ΕΙΝΑΙ ΑΥΤΗ ΝΙΚΟ!!!! ,https://www.youtube.com/watch?v=gIMbVJdPARk
Εσύ άκουσες τη νέα επιτυχία του Νίκου Οικονομόπουλου που μόλις κυκλοφόρησε;;; #EkptotosAggelos --> https://bit.ly/ekptotosaggelos,https://www.youtube.com/watch?v=SilHmCoB1xw
"Όποιος διψάει δεν πίνει δηλητήριο... Η μοναξιά δεν είναι λόγος για να γυρνάμε σε ό,τι μας διέλυσε..",https://www.youtube.com/watch?v=SilHmCoB1xw
Η ζωή δεν είναι ούτε παράσταση...Ναυμαχία είναι.. Δεν παραδινεσαι πότε ζωντανός. Αν την αγαπάς πολεμάς για αυτήν ως το τέλος,https://www.youtube.com/watch?v=SilHmCoB1xw
"Εξαιρετική φωνή ,δεν κολλάει πουθενά, εξαιρετικές χαμηλές νότες έχουν ελάχιστοι Έλληνες τραγουδιστές! Καλοταξίδο!",https://www.youtube.com/watch?v=SilHmCoB1xw
"Κάνεις δεν πέθανε από έρωτα ποτέ! Απλά χάνεις κομμάτια, κομμάτια της καρδιάς και της ψυχής σου!",https://www.youtube.com/watch?v=SilHmCoB1xw
"Dear Nikos, in my opinion this is one of the most beautiful song you have ever sang. So true what has been said in the text. ""Di amore non si muore"", we say in italian. But tell me who could be live without love?! Wonderful song. Indeed. I adore you and your songs <3 <3 <3",https://www.youtube.com/watch?v=SilHmCoB1xw
"Να ανάβεις πράσινα φώτα,  να προσπαθεις, να φτανεις σχεδον στην υπέρβαση και να δέχεσαι ψίχουλα στην καλύτερη. Καμια δευτερη σκεψη , καμια υπαναχωρηση. Την αξια σας και φευγιό!!!!!!!!!!!!",https://www.youtube.com/watch?v=SilHmCoB1xw
Κορυφαίο! Καλοτάξιδο κι αυτό κι εμείς μαζί του! Μπράβο σε όλη την ομάδα για την παραγωγή και την εξαιρετική ερμηνεία του Νίκου!,https://www.youtube.com/watch?v=SilHmCoB1xw
Από τα τραγούδια που σου βγαίνει όλη η ψυχή όταν το τραγουδάς!! Υπέροχε Νίκο πάντα πρώτος να μας τραγουδάς τόσο δυνατά κομμάτια!! Μπράβο και στους δημιουργούς του..,https://www.youtube.com/watch?v=SilHmCoB1xw
"Επιτέλους βγήκε και το νέο τραγούδι. Τέλειος, όπως πάντα! Θεϊκή φωνή! ️ Η μουσική του Σαμπάνη επίσης πανέμορφη! ",https://www.youtube.com/watch?v=SilHmCoB1xw
Υπάρχει ακόμα ελπίδα για την ελληνική μουσική και το λαϊκό τραγούδι. Μπράβο σε όλους τους συντελεστές,https://www.youtube.com/watch?v=SilHmCoB1xw
"Ήδη έχει γίνει επιτυχία , είναι τραγουδαρα !!!",https://www.youtube.com/watch?v=SilHmCoB1xw
Επιτέλους!! Επέστρεψε στο μουσικό ύφος που τον γνωρίσαμε και του ταιριάζει απόλυτα. Υπέροχοι και με ουσία οι στίχοι της Γιαννατσουλια! Δυνατή η μουσική του Σαμπάνη..,https://www.youtube.com/watch?v=SilHmCoB1xw
Θεϊκή φωνή!!! Ωραίες χαμηλές νότες .. μεσαίες νοτες...ψηλές  νότες...τι  να πεις για αυτό το ερμηνευτή απιστευτη φωνή από τις πιο ωραίες και δυναμικές στην Ελλάδα!!!,https://www.youtube.com/watch?v=SilHmCoB1xw
Ύμνος για ακόμα μια φορά έγραψες! Δυνατό και ακαταμάχητο κομμάτι όλα υπέροχα!  Συγχαρητήρια!,https://www.youtube.com/watch?v=SilHmCoB1xw
Επιτέλους μια δυνατή κομματάρα από εκείνες τις καλές που μας έχεις συνηθίσει και με στοίχους όπου βγαίνουν από την ψυχή και σε αγγίζουν. Συγχαρητήρια σε Σαμπάνη και Γιαννατσούλια γι αυτό το αριστούργημα,https://www.youtube.com/watch?v=SilHmCoB1xw
Ωραίο τραγούδι! Ωραία ψυχή έχεις Νίκο! Να είσαι πάντα καλά. Αγάπη από Αμερική ️🇬🇷,https://www.youtube.com/watch?v=SilHmCoB1xw
"Είναι πια καιρός να έχω ότι μου αξίζει
Να ξέρω πως ότι γυαλίζει δεν είναι πάντα θησαυρός
Είναι πια καιρός να δω πως έχω κάνει λάθη
Πως ότι πέρασα για βάθη ήταν στα αλήθεια ο αφρός",https://www.youtube.com/watch?v=SilHmCoB1xw
Υπέροχο τραγούδι υπέροχη μουσική  υπέροχοι  στίχοι  υπέροχη ερμηνεία!!!Συγχαρητήρια και καλοτάξιδο!!!,https://www.youtube.com/watch?v=SilHmCoB1xw
"Από έρωτα δεν πέθανε κανείς.... Πόσο αλήθεια....
Σαμπάνης Γιαννατσουλια και εξαιρετική εκτέλεση από την φωνάρα του Οικονομόπουλου.
Τέτοιους καλλιτέχνες θέλουμε μωρέ!!️️️",https://www.youtube.com/watch?v=SilHmCoB1xw
Τι φωνή. Μας ταξιδεύεις. Τα τραγούδια σου μιλάνε στην καρδιά μας,https://www.youtube.com/watch?v=BL74eKGkGXw
"Τέλειο τραγούδι,μπράβο σε όλους τους συντελεστές ,Με συγκινεί κάθε φορά που το ακούω",https://www.youtube.com/watch?v=BL74eKGkGXw
"Καμία φορά φοβόμαστε να πούμε αυτά που νιώθουμε, αυτά που σκεφτόμαστε... Γιατί ίσως στο βάθος ξέρουμε τις απαντήσεις, ξέρουμε τι θα συμβεί και φοβόμαστε να έρθουμε αντιμέτωποι με την αλήθεια... Για αυτό τα κρατάμε μέσα μας... Για αυτό δεν λέμε στον άλλο αυτα που πιστεύουμε, αυτά που νιώθουμε, αυτά που μας πειράζουν συνεχίζοντας την ψευδαίσθηση ότι όλα είναι καλά",https://www.youtube.com/watch?v=BL74eKGkGXw
Δεν επιβιώνει μια αγάπη χωρίς λόγια κ αγκαλιά!!! Δεν αντέχει μες στον χρόνο χωρίς τρυφερά φιλιά...,https://www.youtube.com/watch?v=BL74eKGkGXw
Очень красивая песня!!! ️️️,https://www.youtube.com/watch?v=BL74eKGkGXw
Το αγάπησα από το πρώτο άκουσμα ️ Υπέροχη Καίτη μας ευχαριστούμε ,https://www.youtube.com/watch?v=BL74eKGkGXw
Τι θυμάσαι πάλι και δάκρυσες πες μου να μάθω και γω...να μ' αγκαλιάζεις γιατί σταμάτησες μόνο εγώ σ ' αγαπώ ️️ Υπέροχο τραγούδι!!! ️,https://www.youtube.com/watch?v=BL74eKGkGXw
Φτερουγίσε η καρδιά ️ μου ρίγος παντού απίστευτος εισαι Νίκο,https://www.youtube.com/watch?v=BL74eKGkGXw
Από τα πιο σημαντικά τραγούδια του Νίκου,https://www.youtube.com/watch?v=BL74eKGkGXw
Υπέροχος !!!φοβερό τραγούδι,https://www.youtube.com/watch?v=BL74eKGkGXw
Σιγά τον αργυρό ο οικονομοπουλος  είναι τοπ ουαν αξεπέραστος και στα παλιά και τα καινούργια  καμμια σύγκριση  αστέρι ,https://www.youtube.com/watch?v=BL74eKGkGXw
Υπεροχο τραγουδι!!!,https://www.youtube.com/watch?v=BL74eKGkGXw
"να αγαπάς χωρίς να υπάρχει αύριο.
να αγκαλιάζεις σαν να είναι η τελευταία φορά.",https://www.youtube.com/watch?v=BL74eKGkGXw
Τραγουδαρα από τα λίγα... Νίκο φωνάρα!!!,https://www.youtube.com/watch?v=BL74eKGkGXw
"Νικόλα μας, αν δακρύσεις να ξέρεις έχεις όλους εμάς που σε αγαπάμε! ️",https://www.youtube.com/watch?v=BL74eKGkGXw
Υπέροχο τραγούδι φοβερή φωνή,https://www.youtube.com/watch?v=BL74eKGkGXw
Εξαιρετικό για μια ακόμη φορά ,https://www.youtube.com/watch?v=BL74eKGkGXw
Τί θυμάσαι πάλι και δάκρυσες..πες μου να μάθω και εγώ.. ,https://www.youtube.com/watch?v=BL74eKGkGXw
Μοναδικός φωνάρα,https://www.youtube.com/watch?v=BL74eKGkGXw
Να με αγκαλιάζεις γιατί σταμάτησες;; δεν ξέρω τι να κάνω το βλέπω πως σε χάνω μα σαν παιδί φοβάμαι και πως να σου το πω.... Τι θυμάσαι;;,https://www.youtube.com/watch?v=BL74eKGkGXw
2023 and N.O is still the best voice ️️️ and an incredible person too. He expressed the emotion within the lyrics EXCEPTIONALLY,https://www.youtube.com/watch?v=Xcs4EYRh_8s
Το άκουσα μόλις τωρα..10 χρόνια μετά.Πολύ ωραίο μιξ.Μπράβο στο δημιουργό.,https://www.youtube.com/watch?v=Xcs4EYRh_8s
Πολύ ωραία  τραγούδια  αγάπης ρεμιχ από τα καλύτερα που έχω ακούσει.,https://www.youtube.com/watch?v=Xcs4EYRh_8s
Δυνατός συνδυασμός φίλε ,https://www.youtube.com/watch?v=Xcs4EYRh_8s
"Το καλύτερο δίδυμο, αν καναν μαζί ένα live..",https://www.youtube.com/watch?v=Xcs4EYRh_8s
ενα απο τα καλυτερα μιξ που εχω ακουσει!Μπραβο στον δημιουργο!,https://www.youtube.com/watch?v=Xcs4EYRh_8s
"Πραγματικά είναι τέλειο , μπράβο",https://www.youtube.com/watch?v=Xcs4EYRh_8s
Οικονομόπουλος Λατρεία!!!! ️️️,https://www.youtube.com/watch?v=Xcs4EYRh_8s
Complimenti ju kendofte zemra  Suksese gjithmon  ne jeten muzikore ,https://www.youtube.com/watch?v=Xcs4EYRh_8s
"Μπραβο ρε μαγκα,ωραιο mix!!!!",https://www.youtube.com/watch?v=Xcs4EYRh_8s
Να είσαι καλά ρε μουτροοο...Μας έφτιαξες..,https://www.youtube.com/watch?v=Xcs4EYRh_8s
@Dj BoB πολυ ωραιο το μιξ μπραβο σου!! Μπορεις να κανεις ακομα 1 με αλλους 2 καλλιτέχνες??,https://www.youtube.com/watch?v=Xcs4EYRh_8s
Φοβερές επιλογές και πολύ καλός στις αλλαγές!!!!,https://www.youtube.com/watch?v=Xcs4EYRh_8s
Πόλη ορεα τραγούδια ,https://www.youtube.com/watch?v=Xcs4EYRh_8s
Πολύ ωραία τραγούδια δεν έχω λόγια είναι καταπληκτικά ποιο πολύ ακούω τα τραγούδια του Νίκου οικονομοπουλου επειδή μου αρέσουν ποιο πολύ έκανες πολύ καλή δουλειά μπράβο ,https://www.youtube.com/watch?v=Xcs4EYRh_8s
Το καλύτερο mixπου εχω ακουσει. Κανε κ ενα μ τωρινα τους τραγούδια.,https://www.youtube.com/watch?v=Xcs4EYRh_8s
Μπραβο!!!,https://www.youtube.com/watch?v=Xcs4EYRh_8s
Φιλε απο τα καλυτερα μιξ που εχω ακουσει,https://www.youtube.com/watch?v=Xcs4EYRh_8s
Top!!! Από τα καλύτερα !!!,https://www.youtube.com/watch?v=Xcs4EYRh_8s
ΚΑΛΟ. ΤΡΑΓΟΥΔΙ.  ,https://www.youtube.com/watch?v=Xcs4EYRh_8s
Μπράβο ρε φίλε. Οικονομόπουλος the best!!!,https://www.youtube.com/watch?v=Cx4hy8zr4G4
Πολύ ωραία τραγούδια!,https://www.youtube.com/watch?v=Cx4hy8zr4G4
Ποσο χαρουμενη ειμαι που σε συναντησα στη δουλεια μου Νικο Οικονομοπουλε..!!,https://www.youtube.com/watch?v=Cx4hy8zr4G4
Σε θαυμάζουμε απεριόριστα!!!!! Κόβεις φλέβες!!! ️,https://www.youtube.com/watch?v=Cx4hy8zr4G4
"Η ωρα 15:56 στην εργασια μου κ αντι να θελω να πιω καφέ, θελω να κατεβασω ολοκληρη καβα...  τζιν τζιν... 
ωραίο mix ️",https://www.youtube.com/watch?v=Cx4hy8zr4G4
Θα ήταν χρήσιμο να γράφεις όλα τα τραγούδια που περιλαμβάνονται στο mix! Λατρεμένος Νικόλας!,https://www.youtube.com/watch?v=Cx4hy8zr4G4
Ατέλειωτη καψούρα¡!!! Και πόνο!!! Πέστε Νικόλα,https://www.youtube.com/watch?v=Cx4hy8zr4G4
Η φωνή σου είναι μαγική!!!!,https://www.youtube.com/watch?v=Cx4hy8zr4G4
φοβερή συλλογή!!!μπράβο!!!,https://www.youtube.com/watch?v=Cx4hy8zr4G4
Συγχαρητήρια φιλαράκι μου για τις ωραίες και μουσικές στιγμές που μου χάρισες! Περιμένω Νοτη! ,https://www.youtube.com/watch?v=Cx4hy8zr4G4
Υπεροχος μοναδικος Ανεπανάληπτος σε λατρεύω,https://www.youtube.com/watch?v=Cx4hy8zr4G4
Φοβερή φωνή!!!!,https://www.youtube.com/watch?v=Cx4hy8zr4G4
Λατρεία!!!!!!!! ,https://www.youtube.com/watch?v=Cx4hy8zr4G4
Όταν δεν είσαι ερωτευμένος αλλά λατρεύεις να ακούς τέτοια τραγούδια,https://www.youtube.com/watch?v=Cx4hy8zr4G4
Κορονοϊός... Καραντινα... Κ Νικόλας!!! Το κοψιμο της φλέβας εγγύηση!! Δώσε!!!!!!!️️️️,https://www.youtube.com/watch?v=Cx4hy8zr4G4
Υπέροχος τι να πει κανείς και να μην είναι λιγο,https://www.youtube.com/watch?v=Cx4hy8zr4G4
Απλά κορυφαίος!!!,https://www.youtube.com/watch?v=Cx4hy8zr4G4
Εδω.  χτύπα δυνατα. Η. Καρδια,https://www.youtube.com/watch?v=Cx4hy8zr4G4
Από τα καλύτερα mix,https://www.youtube.com/watch?v=Cx4hy8zr4G4
Δέν πωρίς να ζκέπσης πως να θέ άγαπαω τόσο πολί!.,https://www.youtube.com/watch?v=Cx4hy8zr4G4
Η ωραιοτερη γνησια λαικη φωνη που υπαρχει τωρα στην Ελλαδα !!!!!!!!!!!!!!!!Θεε μου σωσε τον μη μας τον παρεις το εχουμε αναγκη,https://www.youtube.com/watch?v=mQkIg8Rg3m4
Ότι αρχίζει με χαρά τελειώνει με κάρα ,https://www.youtube.com/watch?v=mQkIg8Rg3m4
"Ελληνικά τραγούδια , ελληνική ψυχή, ελληνικό μουσικό ταξίδι ΜΑΓΕΙΑ!!!!!!!!!",https://www.youtube.com/watch?v=mQkIg8Rg3m4
"Очень красиво, влюбилась в голос ,песни и музыку, браво",https://www.youtube.com/watch?v=mQkIg8Rg3m4
Great songs of an amazing singer.  I had the opportunity to see him live.  He is AMAZING LIVE.,https://www.youtube.com/watch?v=mQkIg8Rg3m4
"τεράστιος και σε φωνή , και σε ψυχή .",https://www.youtube.com/watch?v=mQkIg8Rg3m4
Can't believe his voice !!! incredible!!!,https://www.youtube.com/watch?v=mQkIg8Rg3m4
"ΒΑΣΙΛΗΣ  ΚΑΡΡΑΣ    Ο  ΑΡΧΟΝΤΑΣ   ΤΗΣ   ΨΥΧΗΣ   ΝΑ ΕΧΕΙΣ ΥΓΕΙΑ  ΝΑ  ΣΕ  ΑΚΟΥΜΑΙ   ΕΜΗΣ ΠΟΥ  Σ,ΑΓΑΠΑΜΑΙ ΤΩΣΑ ΧΡΟΝΙΑ  .!!!",https://www.youtube.com/watch?v=mQkIg8Rg3m4
From Bulgaria - Ευχαριστώ πολύ! Βασίλης Καρράς is a legend!,https://www.youtube.com/watch?v=mQkIg8Rg3m4
Σε ευχαριστώ άρχοντα για τα ξενύχτια που περάσαμε με τα τραγούδια σου!!!,https://www.youtube.com/watch?v=mQkIg8Rg3m4
Αγαπώ τον Βασίλη όταν ακούω τα τραγούδια του όσο και το αίμα στις φλέβες είναι γραφίδα,https://www.youtube.com/watch?v=mQkIg8Rg3m4
Perfect singer with a unique voice,https://www.youtube.com/watch?v=mQkIg8Rg3m4
Karras..the King of the night!!!! Love from Serbia ,https://www.youtube.com/watch?v=mQkIg8Rg3m4
Όμορφο τραγούδι.,https://www.youtube.com/watch?v=mQkIg8Rg3m4
"Και καψούρα να μην έχεις, όταν ακούς Καρρά, την αποκτάς!!!",https://www.youtube.com/watch?v=mQkIg8Rg3m4
Για σου άρχοντα να σε καλά με υγεία και ευτυχία. ΓΕΏΡΓΙΟΣ!!!,https://www.youtube.com/watch?v=mQkIg8Rg3m4
Ela re Vasilis...love him from an Albanian in Australia...I hope my good greek neighbours are doing well and staying safe.,https://www.youtube.com/watch?v=mQkIg8Rg3m4
Τέλειος ο Βασίλης Καρρας!!,https://www.youtube.com/watch?v=mQkIg8Rg3m4
Είναι τουλάχιστον φανταστικός η φωνή του θεϊκή και απλά είναι στο top 5 για μένα,https://www.youtube.com/watch?v=mQkIg8Rg3m4
"Χρόνια πολλά, Καλή χρονιά, και Χρόνια σου Πολλά ολόψυχα,με υγεία πάνω απ'όλα αγάπη ευτυχία, καλοτυχία, επιτυχίες μουσικές και βέβαια καλοταξιδα όλα σου τα καινούργια σου κομμάτια, συγχαρητήρια αγγίζουν ήδη την κορυφή.......!!!!!!!!!!!!!!!!!!!!!!!!!!!!!!!!!!!!!  Η αιωνόβια φαν θαυμάστρια σου... . ..!!!!!!!!!!!",https://www.youtube.com/watch?v=mQkIg8Rg3m4
"«Το για πάντα δεν είναι για τους ανθρώπους 
Είναι για της αναμνήσεις»",https://www.youtube.com/watch?v=PpZmkP-oV3E
Το αγαπώ!! Είναι ιδανικό για τραγούδι πρώτου χορού σε γαμήλια δεξίωση! Ποιος συμφωνεί;,https://www.youtube.com/watch?v=PpZmkP-oV3E
"Θέλει μεγάλη προσπάθεια και χημεία και από τους δύο...... Υπάρχει το για Πάντα.....απλά σε δύο ανθρώπους που βλέπουν την ζωή πολύ φιλοσοφημενα και Πνευματικα......εκεί υπάρχει πραγματική ολοκληρωση........!!!Κοπο, υπομονή, χημεία,αλληλοκατανοηση.....και πολύ πολύ Αγάπη!!!!!!!",https://www.youtube.com/watch?v=PpZmkP-oV3E
"Τραγουδαρα....καμία φορά υπάρχει το για πάντα ,όταν υπάρχει αληθινή αγάπη",https://www.youtube.com/watch?v=PpZmkP-oV3E
"Ακομα κι ας μην εχεις βρει τον Ανθρωπο σου ,το αφιερωνεις στον εαυτο σου και βρισκεις την δυναμη μηπως και αγαπησεις πρωτα τον ιδιο σου τον εαυτο...",https://www.youtube.com/watch?v=PpZmkP-oV3E
"Ό,τι καλύτερο έχει βγάλει ο Ιακωβίδης στην καριέρα του. Νιώθω ότι αυτό το τραγούδι μου δημιουργεί ένα συναίσθημα που δεν μπορώ να το εξηγήσω",https://www.youtube.com/watch?v=PpZmkP-oV3E
"''Όλα ξεκινάν ωραία πάντα

Μα χαλάνε στην διαδρομή''.... μεγάλη αλήθεια!",https://www.youtube.com/watch?v=PpZmkP-oV3E
Απ' τους καλύτερους καλλιτέχνες της γενιάς του ΓΙΑ ΠΑΝΤΑ ΘΑ ΜΑΣΤΕ ΜΑΖΙ ,https://www.youtube.com/watch?v=PpZmkP-oV3E
"Έχεις μια απίστευτη ικανότητα να γράφεις τραγούδια που είναι ο,τι πρέπει για αφιέρωση στο άλλο μας μισό. Σε ευχαριστούμε!",https://www.youtube.com/watch?v=PpZmkP-oV3E
"Τι λες τώρα.... 22 χρόνια με τον άντρα μου και είμαι ερωτευμένη όπως την πρώτη στιγμή 
Καλοτάξιδο!!!",https://www.youtube.com/watch?v=PpZmkP-oV3E
Ένα κομμάτι που το ακούς και νιώθεις ερωτευμένος/ερωτευμένη χωρίς να έχεις κάποιον/κάποια δίπλα σου  Αν και πιο πολύ πάνε για αυτούς που έχουν κ είναι ευτυχισμένοι,https://www.youtube.com/watch?v=PpZmkP-oV3E
Just perfect and magical.  Petros is very talented the song really captures love. ,https://www.youtube.com/watch?v=PpZmkP-oV3E
One of the most talented writers and vocalists in Greece.  Love him!,https://www.youtube.com/watch?v=PpZmkP-oV3E
"Όσο παλεύεις καθημερινά για την σχέση και τον άνθρωπο σου,το για πάντα είναι αναμενόμενο..αρκεί να μην ΕΧΟΥΜΕ δεδομένο ΚΑΝΕΝΑΝ..Να αγαπάμε αληθινά και να το δείχνουμε με πράξεις και όμορφες στιγμές ",https://www.youtube.com/watch?v=PpZmkP-oV3E
"Υπέροχος ο Πέτρος!Κάνει πολύ χαμό με τα κομμάτια του!Το συγκεκριμένο το ερμηνεύει τέλεια, διαφορετικό κομμάτι, σε σχέση με όσα τον έχουμε συνηθίσει!",https://www.youtube.com/watch?v=PpZmkP-oV3E
"ΚΟΜΜΑΤΑΡΑ! Υπέροχη μουσική,  υπεροχη φωνή και πολύ δυνατός στίχος! Καλοτάξιδο! ",https://www.youtube.com/watch?v=PpZmkP-oV3E
Sweet voice I'm learning greek from your songs,https://www.youtube.com/watch?v=PpZmkP-oV3E
"Το τραγούδι υπέροχο, η φωνή σου μοναδική και τα μάτια σου ζαλίζουν.",https://www.youtube.com/watch?v=PpZmkP-oV3E
Ε+Γ= Για πάντα θα είμαστε μαζί  Θέλω να γεράσουμε μαζί!!!Σ 'αγαπάω πολύ!!!,https://www.youtube.com/watch?v=PpZmkP-oV3E
"Σαν μεγαλος φαν του Νίκου Βερτη,μεσα στο μυαλο μου εισαι  οτι πιο κοντινο για διαδοχος του...ΣΥΝΕΧΙΣΕ ΕΤΣΙ 🫡🫡",https://www.youtube.com/watch?v=PpZmkP-oV3E
"Δεν μπορώ παρά να είμαι Ευγνώμων που βρηκα κάποιον που έχει τόσο μοναδικές συλλογές Ελληνικου Ροκ κ μπαλάντες με μοναδική ποιότητα που έχουν σημαδέψει την ζωή μου απτην προεφηβεία μου ως κ τώρα στη δύση μου. Σ ευχαριστώ πολύ προσωπικά κ χαίρομαι που βλέπω τόσα παιδιά,(γιατί η ψυχή μας παραμένει έφηβη ) ..κ τα τραγούδια αυτά μας ενώνουν με έναν μοναδικό τρόπο.
Διαβάστε περισσότερα",https://www.youtube.com/watch?v=gPnzwTWjgiw
Αγαπημένο τραγούδι πολύ! Σας ευχαριστούμε.,https://www.youtube.com/watch?v=gPnzwTWjgiw
Εκπληκτικές οι συλλογές σου.. Μπράβο!,https://www.youtube.com/watch?v=gPnzwTWjgiw
Απλώς τέλεια!,https://www.youtube.com/watch?v=gPnzwTWjgiw
Πραγματι ειναι καταπληκτικα τα τραγουδια. Μ'αρεσουν πολυ!!!,https://www.youtube.com/watch?v=gPnzwTWjgiw
πολύ όμορφη συλλογή,https://www.youtube.com/watch?v=gPnzwTWjgiw
Υπέροχα όλα!!!,https://www.youtube.com/watch?v=gPnzwTWjgiw
"τα ήξερα ολα
μπραβο!!!",https://www.youtube.com/watch?v=gPnzwTWjgiw
Ωραίες επιλογές,https://www.youtube.com/watch?v=gPnzwTWjgiw
Σ'ευχαριστώ  φίλε Κωνσταντίνε.,https://www.youtube.com/watch?v=gPnzwTWjgiw
Το πιο δύσκολο παιχνίδι η αγάπη...,https://www.youtube.com/watch?v=gPnzwTWjgiw
Τα περισότερα του γούστου μου. Μπραβίσιμο!!!,https://www.youtube.com/watch?v=gPnzwTWjgiw
 από  που λατρεύω παααααρααααα πολύ πολύ πολύ καί μπράβο σου  μου και φίλε !!! σέ ευχαριστούμε θερμά !!!,https://www.youtube.com/watch?v=gPnzwTWjgiw
Να εισαι καλα,https://www.youtube.com/watch?v=gPnzwTWjgiw
Ii,https://www.youtube.com/watch?v=gPnzwTWjgiw
